lat,lon
261.529542,122.4630599
261.3977758,122.635543
261.2133031,122.2905767
261.0024772,122.0031047
260.8180045,121.7156327
260.6335319,121.3706664
260.4490592,121.0831944
259.8692879,120.2207785
259.1313972,119.415857
258.2090339,118.8984074
257.892795,118.840913
256.8650187,118.3234635
256.5224266,117.9784971
255.3365309,117.1160812
254.466874,116.7136204
254.2033416,116.5411372
253.5181574,115.7937101
253.3073315,115.3912494
252.6221473,114.4138447
251.9633163,112.7465072
251.1463659,111.4816305
250.3030622,109.2968436
249.4070521,106.7095958
249.0381068,105.9046743
248.6691614,105.0422584
248.0366837,103.7198873
247.0089074,101.7650779
246.5872556,100.8451676
246.086544,100.0402461
245.6912455,99.52279653
244.979708,98.89035819
243.5829863,97.7979647
243.0032151,97.28051515
242.4497971,96.82055999
241.5010805,95.15322256
240.3151847,93.83085149
239.2610552,91.30109814
238.0488062,90.20870465
236.704791,88.31138964
235.8614874,86.64405221
235.0972435,85.32168114
234.0431139,83.82682688
233.3315765,82.79192779
233.0680441,82.44696142
232.5936858,81.6420399
232.1193275,80.6071408
231.3287303,79.51474731
231.0651979,79.11228655
230.3536605,78.30736503
229.5367101,77.67492669
228.6143467,77.15747715
227.7973963,76.69752199
227.0331524,76.12257805
225.9526696,75.26016213
225.5837242,74.97269016
224.8458336,74.6277238
224.0025299,74.34025183
223.2119327,73.82280228
222.4476888,73.19036394
221.6043852,72.5579256
220.4975491,71.81049848
219.7333052,71.17806014
218.9954145,70.43063301
218.2838771,70.08566665
217.5196332,69.91318346
216.4918568,69.62571149
215.3323143,69.33823952
214.5944237,68.82078997
213.7247668,67.78589088
213.4875876,67.26844133
213.0132293,66.63600299
212.5652243,66.34853102
212.090866,66.06105905
211.432035,65.71609268
210.6941443,65.31363192
210.4306119,65.19864313
209.5346018,65.08365434
209.2447162,64.96866555
208.1905866,64.68119358
207.5054024,64.22123843
206.7675117,64.22123843
205.9769146,64.85367677
205.2126706,64.39372161
204.3957202,64.96866555
203.0517051,65.02615995
202.2084014,64.68119358
201.3650978,64.45121601
200.6008538,64.39372161
199.4676646,64.45121601
198.4398883,64.73868798
198.0709429,64.79618237
196.7005745,65.14114874
195.6200917,65.25613753
194.7240816,65.37112632
193.8807779,65.5436095
193.0374743,65.4861151
191.8779318,65.4861151
190.5866231,65.37112632
190.0068518,65.19864313
189.4534338,65.08365434
188.7418964,64.27873282
187.7141201,63.01385615
187.0289359,62.43891221
186.1329257,62.553901
185.8693933,62.4964066
185.1051494,62.43891221
184.7362041,61.57649629
184.5253782,60.71408038
184.3145523,59.85166446
184.1300796,59.10423734
184.0510199,58.81676537
183.9192537,58.58678779
183.3921889,57.95434945
182.9968903,57.4943943
182.1535867,56.74696717
181.1785168,55.82705686
180.8095715,55.53958489
180.098034,55.25211292
179.1756707,54.50468579
178.8594318,54.15971943
178.2006009,53.35479791
177.2518843,52.66486518
176.2241079,51.97493244
175.8551626,51.68746047
175.0909187,51.11251653
174.353028,50.48007819
173.5097243,49.79014546
172.033943,48.64025757
171.0588731,47.89283045
170.268276,47.26039211
169.2932061,46.3979762
168.3444895,45.65054907
167.4484794,45.07560513
166.5788225,44.90312194
165.6828124,44.78813316
164.8922153,43.98321164
164.0752649,43.17829012
163.3110209,42.54585178
162.5731302,42.20088541
161.8088863,41.68343586
161.5980604,41.51095268
160.7284035,41.16598632
160.5175776,41.22348071
160.0959258,40.99350313
159.674274,40.70603116
158.8573236,40.59104237
158.4356717,40.3610648
157.9613134,40.13108722
157.0653033,40.01609843
156.7227112,39.95860404
155.9848205,39.78612085
155.1415169,39.49864888
154.1928003,39.09618812
153.0332578,38.57873857
151.952775,38.23377221
150.9249987,37.77381705
149.3965108,36.62392917
148.3687345,36.22146841
147.4990776,36.10647962
146.655774,35.93399643
145.443525,35.70401886
144.6792811,35.70401886
143.9413904,35.58903007
143.1507932,35.35905249
142.3338428,35.07158052
141.25336,34.95659173
140.5154694,34.89909734
139.6721657,34.78410855
138.8815685,34.55413097
138.1963843,34.03668142
137.4057872,33.57672627
136.3516576,32.82929914
135.3238813,31.90938883
135.0076424,31.56442247
134.3224582,30.87448974
133.2946819,30.06956822
132.9520898,29.78209625
132.2405524,29.09216351
131.5026617,28.34473639
130.8701839,27.42482608
130.0795868,26.33243259
129.2626364,25.52751107
129.0518105,25.2400391
128.6038054,24.78008394
128.1558003,24.37762318
127.6550888,24.03265682
126.7327255,23.28522969
125.915775,22.53780256
125.6258894,22.25033059
124.7825858,21.56039786
123.8865757,20.92795952
123.043272,20.35301558
121.6992568,19.54809406
120.8823064,19.2031277
120.065356,18.85816133
119.3538186,18.34071178
118.6949876,17.99574542
117.5881516,17.53579026
116.9029674,16.84585753
116.1914299,16.55838556
115.2954198,16.38590237
115.0318874,16.27091359
114.2676435,16.04093601
113.7932852,15.86845283
113.3189269,15.58098085
112.5810362,15.63847525
112.3438571,15.58098085
111.0789016,14.71856494
110.6045433,14.43109297
110.1565382,14.0861266
109.3132346,13.74116024
108.4172245,13.28120508
107.3103884,12.41878917
106.4143783,11.67136204
106.1508459,11.38389007
105.3338955,10.63646294
105.0440099,10.40648537
104.4642387,10.00402461
103.7790544,9.37158627
103.067517,8.854136722
102.3559796,8.451675961
101.4863227,7.934226413
101.196437,7.646754442
100.0368945,6.84183292
99.50982976,6.496866555
98.64017288,6.036911401
97.82322247,5.74943943
97.05897855,5.231989881
96.29473462,4.82952912
95.47778422,4.714540332
94.50271438,4.312079573
93.26411216,3.73713563
92.52622147,3.449663657
91.78833079,3.277180475
90.76055447,2.874719714
90.39160913,2.702236532
89.2847731,2.127292589
88.25699678,1.437359857
87.91440468,1.20738228
87.17651399,0.977404702
86.43862331,0.80492152
85.20002108,0.574943943
84.35671744,0.459955155
83.35529437,0.172483182
82.35387129,0
80.95714963,0.229977577
79.8503136,0.747427126
79.0333632,1.034899096
78.79618405,1.092393492
78.32182575,1.20738228
77.87382069,1.264876675
77.32040268,1.437359857
76.55615875,1.954809406
75.73920835,2.069798194
75.47567596,2.127292589
74.73778527,1.724831829
74.50060612,1.552348645
73.76271544,1.60984304
72.76129236,1.782326224
71.65445633,2.069798194
70.52126706,2.472258955
69.46713751,2.874719714
68.4393612,3.449663657
67.4906446,4.0246076
66.46286829,4.82952912
65.40873873,5.806933824
64.40731566,6.95682171
63.4849523,8.221698385
62.61529542,9.429080664
61.69293206,10.29149658
60.82327518,11.32639568
59.97997154,12.01632841
59.21572761,12.64876674
58.26701102,13.74116024
57.60818005,14.66107055
56.81758288,16.32840798
56.58040373,16.78836313
55.84251304,17.65077905
55.6053339,17.88075663
55.18368207,17.88075663
54.78838349,18.34071178
54.02413957,18.74317254
53.78696042,18.85816133
53.02271649,19.49059967
52.7591841,19.89306043
52.17941285,20.92795952
51.23069625,22.36531938
50.62457176,23.57270166
49.88668107,25.35502788
49.67585516,25.98746622
49.12243715,26.90737653
48.38454646,27.76979245
47.96289464,28.40223078
47.51488958,28.91968033
46.75064565,29.60961306
46.48711327,29.89708503
45.61745639,30.70200655
45.27486428,31.04697292
44.4052074,32.02437762
43.32472461,33.2317599
42.87671955,33.69171506
41.71717704,34.84160294
40.50492806,36.10647962
39.1082064,37.54383948
37.89595741,38.348761
36.78912138,39.15368252
35.86675802,40.3035704
34.97074791,41.39596389
34.20650398,42.20088541
33.60037949,42.94831254
32.78342908,44.09820043
31.88741896,45.19059392
31.59753334,45.59305468
30.88599589,46.57045938
30.70152322,46.91542575
30.04269225,48.3527856
29.8055131,48.87023515
29.17303537,49.96262864
28.09255257,51.3999885
27.67090075,52.20491002
26.77489063,53.98723624
26.45865177,54.61967458
25.77346756,56.28701202
25.03557687,58.06933824
24.42945238,59.73667567
23.87603436,61.34651871
23.37532283,63.07135054
22.84825805,64.68119358
22.29484004,66.46351981
21.76777526,68.13085724
21.3197702,69.68320589
20.55552627,71.92548726
20.08116798,73.5353303
19.50139672,75.54763411
18.84256575,77.73242109
18.18373478,80.08969126
17.49855057,81.81452308
16.81336636,83.07939976
15.78559005,85.37917553
15.52205766,86.12660266
15.23217203,86.81653539
14.49428135,88.65635601
13.86180362,90.7261542
13.62462447,91.41608693
12.54414168,93.7158627
11.56907184,95.84315529
10.7257682,97.45299833
10.33046961,98.08543667
9.302693301,99.58029092
8.986454435,99.92525729
8.696568808,100.327718
7.958678122,100.7876732
7.616086017,100.902662
6.851842092,101.2476284
6.588309703,101.3626171
5.56053339,101.4776059
5.165234807,101.5351003
4.743582986,101.6500891
4.0056923,102.2825275
3.083328941,103.3749209
2.793443314,103.8348761
1.686607284,104.9272696
1.264955463,105.2147416
0.632477732,105.9621687
0.342592105,106.4221238
0.052706478,107.0545622
0,107.8019893
0.421651821,108.7218996
0.685184209,109.0093716
0.948716597,109.354338
2.371791493,107.9169781
3.32050809,105.8471799
4.111105255,103.8348761
4.796289464,102.3975162
5.639593106,101.0751452
5.955831972,100.7301788
7.036314763,100.6726844
7.431613345,100.6726844
8.090444316,100.3852124
9.065514152,99.46530213
9.7770516,98.89035819
10.46223581,98.08543667
11.17377326,96.99304318
12.04343014,95.44069453
12.57049491,93.94584028
13.12391293,92.62346921
13.73003742,91.24360375
14.44157487,89.51877192
15.12675908,87.7364457
15.81194329,85.89662508
16.41806778,83.99931007
17.02419227,81.92951187
17.55125705,80.14718565
18.23644126,78.07738745
18.97433195,76.00758926
19.79128235,73.5928247
20.5028198,71.29304893
21.16165077,69.16575634
21.68871554,66.5785086
22.24213356,64.45121601
22.79555157,62.61139539
23.48073578,59.85166446
23.87603436,57.72437187
24.3767459,55.99954004
25.27275602,53.29730351
26.1424129,50.71005577
26.56406472,49.61766228
27.22289569,48.41028
28.22431877,46.62795377
28.59326411,45.88052665
28.98856269,45.13309952
29.93727929,43.40826769
30.93870237,41.97090784
31.70294629,40.24607601
31.96647868,39.67113206
32.8624888,38.06128902
33.17872767,37.60133387
33.8112054,36.79641235
34.78627523,35.53153568
35.4451062,34.38164779
36.07758394,33.2892543
36.73641491,32.2543552
37.44795235,31.16196171
38.55478838,29.83959064
39.29267907,29.2071523
40.08327623,28.63220836
40.8738734,27.94227563
41.55905761,27.53981487
42.77130659,26.96487093
43.08754546,26.79238774
43.43013756,26.67739895
44.22073473,26.10245501
44.48426712,25.98746622
45.2221578,25.64249986
45.53839667,25.58500546
46.46076003,25.29753349
47.33041691,24.60760076
48.20007379,23.80267924
49.09608391,23.40021848
50.12386022,23.05525211
50.96716386,22.36531938
51.78411427,21.56039786
52.65377115,20.87046513
53.62884098,20.41050997
54.47214463,20.1805324
55.31544827,20.00804922
56.18510515,20.06554361
57.34464766,19.54809406
58.1879513,18.85816133
58.92584199,18.39820617
60.03267802,17.70827344
60.7705687,17.19082389
61.7192853,15.86845283
62.45717599,15.00603691
63.1423602,14.0861266
63.77483793,12.82124993
64.40731566,11.55637325
65.40873873,10.1190134
66.33110209,8.451675961
66.70004744,7.819237624
67.43793812,7.071810499
67.72782375,6.84183292
68.88736626,6.151900189
69.65161018,5.691945036
70.49491382,5.174495487
71.33821747,4.714540332
72.15516787,4.427068361
73.02482475,4.312079573
74.34248669,4.369573967
75.21214357,4.484562755
76.02909398,4.772034726
76.81969114,5.002012304
77.58393507,4.197090783
78.26911927,3.047202898
79.27054235,2.874719714
79.56042798,2.874719714
80.40373162,2.932214108
80.69361725,2.932214108
81.48421441,2.759730926
81.77410004,2.702236532
82.6964634,2.414764561
83.46070732,2.299775771
84.38307068,2.357270167
85.20002108,2.357270167
86.06967796,2.702236532
87.09745428,2.989708502
88.52052917,3.449663657
89.70642492,3.967113206
90.83961419,4.772034726
91.70927107,4.94451791
92.57892795,5.289484275
93.44858483,5.806933824
94.29188847,6.324383373
95.08248564,6.784338526
95.47778422,7.014316104
96.47920729,7.416776864
97.45427713,7.76174323
97.79686924,7.876732018
98.53475992,7.991720807
99.37806356,8.681653538
100.1423075,9.601563848
101.1700838,10.17650779
102.0924472,10.86644052
102.3823328,11.0964181
102.962104,11.49887886
103.8054077,12.1313172
104.4905919,12.76375553
105.5447214,13.1087219
106.3880251,13.56867705
107.1786223,14.02863221
108.0482791,14.60357615
109.1024087,15.29350888
110.0774785,15.86845283
111.1052548,16.38590237
112.2384441,16.96084632
113.2398672,16.84585753
114.5311759,17.36330708
115.3744795,18.1107342
116.1914299,18.91565572
117.08744,19.54809406
117.9570969,20.06554361
118.8004006,20.46800437
119.6964107,20.69798195
120.5397143,21.1579371
121.2512518,22.1928362
122.0945554,23.40021848
122.3580878,23.68769045
123.0169188,24.66509515
123.2540979,24.89507273
124.4927002,25.58500546
124.9670585,26.04496062
125.4414168,26.44742138
126.4691931,27.07985971
126.8644916,27.1948485
127.7605018,27.71229805
128.5510989,27.94227563
129.7106414,28.34473639
130.5275918,28.86218594
131.2918358,29.37963548
132.0033732,29.78209625
133.0047963,30.12706261
133.9798661,30.06956822
134.2697518,30.06956822
134.6650503,29.95457943
135.0339957,30.12706261
135.3502345,30.184557
135.8509461,30.29954579
136.7469562,30.64451216
137.0368418,30.75950095
137.6693196,31.04697292
138.3281505,31.2769505
139.2241606,31.90938883
139.5140463,32.13936641
140.4100564,32.71431035
140.7790017,32.88679354
141.4905392,33.2892543
142.2020766,33.80670385
142.9926738,34.32415339
143.783271,34.55413097
145.1799926,35.2440637
146.1814157,36.39395159
147.0510726,37.08388432
148.2633216,37.94630023
149.2647446,38.69372736
149.6073367,38.92370494
150.5297001,39.61363767
150.9249987,39.90110964
151.6365361,40.53354798
152.3480736,40.82101995
153.4812628,41.45345829
154.5090392,42.54585178
154.8779845,42.94831254
155.589522,43.81072845
156.3010594,44.15569482
157.144363,44.3856724
158.5937912,44.55815558
159.6215675,44.78813316
160.5175776,45.13309952
161.3608813,45.47806589
162.2041849,45.93802104
163.5218468,46.3979762
164.3387972,47.08790893
165.4983397,47.66285287
166.2625837,48.12280803
167.0004744,48.81274076
168.0018974,49.67515667
168.8188478,50.53757259
169.0823802,50.82504456
169.8993306,51.57247168
170.2155695,51.74495487
171.1906393,52.20491002
171.5068782,52.31989881
172.2711221,52.72235957
173.1144258,53.23980912
174.0104359,53.64226988
175.4071575,54.73466337
176.3295209,55.36710171
177.330944,55.88455126
178.2796606,56.34450641
179.2020239,56.51698959
180.1243873,56.74696717
180.9676909,56.86195596
182.1799399,57.55188869
182.9705371,58.18432703
183.734781,58.64428218
184.4726717,59.5066981
185.1578559,60.13913643
186.0275128,60.88656356
186.2910452,61.11654114
187.371528,61.86396826
187.6877668,62.09394584
188.0040057,62.38141781
188.4256575,62.66888978
189.137195,63.12884494
190.0332051,63.76128327
190.3757972,63.81877767
191.0609814,63.93376646
192.1678174,64.5087104
193.1692405,65.02615995
193.5381858,65.14114874
194.4078427,65.5436095
195.3565593,66.23354223
196.199863,66.69349738
197.306699,67.44092451
198.0445897,67.78589088
198.7824804,68.13085724
199.625784,68.47582361
200.9170927,69.05076755
201.8131028,69.39573392
203.1307648,69.68320589
204.1321878,69.5107227
205.1599642,69.33823952
206.0823275,69.45322831
206.9256312,69.74070028
207.6898751,69.85568907
208.4277658,69.97067786
209.1656565,70.14316104
210.1934328,70.37313862
210.5360249,70.48812741
211.1948558,70.66061059
212.0645127,70.77559938
213.1713488,70.89058817
213.5930006,71.06307135
214.4363042,71.17806014
215.2532546,71.29304893
216.0965583,71.46553211
217.0452749,71.81049848
217.9939915,72.61542
218.7055289,73.07537515
219.5488326,73.5928247
219.8387182,73.70781349
220.7083751,74.16776864
221.5516787,74.68521819
221.8679176,74.91519577
222.8166342,75.6051285
223.7653508,76.00758926
224.1342961,76.06508365
225.0830127,76.52503881
225.8209034,76.5825332
226.76962,76.6400276
227.0858589,76.6400276
227.8237495,76.52503881
228.6143467,76.41005002
229.4049439,76.35255563
230.195541,76.35255563
230.9861382,76.46754441
231.7503821,76.52503881
232.6990987,76.6400276
233.832288,76.69752199
234.7282981,76.87000517
235.5452485,77.04248836
236.3358457,77.15747715
237.1000896,77.55993791
238.1015127,77.73242109
238.4441048,77.84740988
239.3664681,78.47984821
239.6563538,78.70982579
240.2624783,78.82481458
241.2375481,78.82481458
242.2389712,78.76732019
242.6079165,78.70982579
243.9519317,78.76732019
245.1641807,78.88230898
246.0601908,78.76732019
246.9034944,78.82481458
247.6940916,78.99729776
248.5637485,79.39975852
249.7759975,79.97470247
250.8037738,80.08969126
251.8315501,80.26217444
253.2809782,80.89461278
254.2824013,81.52705111
255.6264165,82.90691658
256.3643072,83.25188294
257.1549043,83.30937734
257.8664418,83.48186052
258.6043325,83.53935491
260.0010541,83.76933249
260.870711,83.82682688
262.1620197,84.05680446
263.1107363,84.28678204
264.5601644,84.51675961
265.4825278,84.6317484
266.3521847,84.80423159
267.6698466,84.97671477
268.7239762,85.03420916
269.4618669,85.43666992
270.357877,85.95411947
271.1484741,86.29908584
272.018131,86.64405221
272.8877879,86.98901857
273.6783851,87.10400736
274.4689822,87.27649054
275.1805197,87.6789513
276.0238233,88.08141206
276.761714,88.42637843
278.079376,88.65635601
278.8436199,89.28879434
279.73963,90.15121026
280.4775207,90.55367102
280.7146998,90.61116541
281.4525905,90.89863738
281.6897697,90.89863738
282.717546,91.18610935
283.1128446,91.24360375
283.9825014,91.53107572
285.6164023,92.16351406
286.6705318,92.91094118
287.4874822,93.42839073
288.3044326,93.83085149
289.0686765,94.34830104
289.780214,94.80825619
290.5708112,95.26821135
291.4931745,95.7281665
292.3628314,95.90064969
293.206135,95.95814408
294.0757919,96.36060484
294.8663891,96.70557121
295.6042798,96.87805439
296.4475834,96.7630656
297.3435935,96.70557121
298.2132504,96.87805439
299.0565541,96.82055999
299.9789174,97.05053757
301.2438729,97.45299833
302.2189427,97.68297591
303.0095399,98.02794227
303.2994255,98.14293106
304.1690824,98.48789743
304.458968,98.54539182
305.0914457,98.54539182
306.0138091,99.46530213
306.7516998,99.46530213
307.5422969,99.52279653
308.3328941,99.69527971
309.097138,99.86776289
309.8350287,99.92525729
310.7310388,100.0977405
311.8115216,100.6726844
312.9447109,101.4776059
314.4204923,102.0525499
315.4482686,102.6849882
316.9504032,103.3749209
317.8991198,103.7198873
319.3485479,104.5823032
320.3236178,104.9272696
320.6398566,105.0422584
321.56222,105.5022135
321.8784589,105.6172023
322.8008222,106.1346519
323.1170611,106.3646294
323.7231856,106.6521014
324.8563748,107.0545622
325.7260317,107.3995285
326.5956886,107.8019893
327.4916987,107.9744725
328.3086491,108.2044501
329.2573657,108.779394
330.2060823,109.2968436
331.1811522,109.4693267
332.2352817,109.9292819
333.1576451,110.6192146
334.1327149,111.0791698
335.0814315,111.7691025
335.9774416,112.2865521
336.8207453,112.8040016
337.6904022,113.3789456
338.4282928,113.9538895
339.4297159,114.758811
339.772308,114.9887886
340.7473779,115.3912494
341.0372635,115.5062381
341.5906815,115.6212269
342.2758657,115.8512045
343.2509355,116.0236877
343.6198809,116.0811821
344.621304,116.656126
344.9638961,117.0010924
345.72814,117.6910251
346.5187372,118.3809579
347.3620408,119.0133962
348.152638,119.9908009
348.9168819,120.9682056
349.7338323,121.8881159
350.5244295,122.3480711
351.2359669,122.9805094
351.9475043,123.6129477
352.8698677,124.3603749
353.7395246,125.0503076
355.0308333,125.9127235
355.5578981,126.3151843
356.0586096,126.6601506
356.8492068,127.292589
357.3235651,127.5800609
357.9560428,127.9250273
358.6148738,128.4999713
359.3264112,129.3048928
360.0379487,130.1673087
360.8812523,131.1447134
361.8036157,132.1796125
362.9631582,132.8695452
363.9909345,133.6169723
365.0187108,134.3643995
365.8620144,135.0543322
366.6262584,135.6292761
367.3114426,135.9742425
367.9702735,136.2042201
368.9453434,136.8941528
369.2615822,137.066636
370.0258262,137.5840856
370.9218363,138.3890071
371.8705529,139.0214454
372.9510357,140.1713333
373.9261055,141.2637268
374.7430559,142.7010866
375.5336531,144.0809521
376.7722553,145.7482895
377.4310863,146.5532111
378.2216834,147.8755821
378.4852158,148.3355373
379.1440468,149.4279308
379.381226,149.7154027
379.829231,150.4053355
380.3562958,151.0377738
381.2259527,152.6476169
381.5421915,153.2800552
382.2010225,154.7174151
382.91256,156.0972805
383.5713909,157.3621572
384.3092816,158.7420227
385.0471723,160.2368769
385.8114162,161.5017536
386.5229537,162.6516415
387.1554314,163.9165181
387.8669689,165.2388892
388.5257998,166.3312827
389.4481632,167.538665
389.764402,167.8836313
390.6340589,168.861036
390.8975913,169.148508
391.2401834,169.723452
392.2679597,170.9883286
392.7950245,171.3907894
393.7437411,172.3106997
394.613398,173.0006324
395.4303484,173.6905652
396.4581247,174.5529811
397.5122543,175.3004082
398.9353292,176.3353073
399.6995731,176.8527569
400.4111105,177.3702064
401.3861804,178.2901167
402.3876034,179.2675214
402.8092553,179.5549934
403.889738,180.3024205
404.9175144,180.7048813
405.8925842,180.7048813
406.9467138,180.8773645
408.1062563,181.394814
409.0813261,181.8547692
410.6361672,182.4872075
411.7430032,183.1196458
412.6917198,183.579601
413.7985558,184.2120393
415.1952775,184.7869833
416.1703473,185.1319496
417.1717704,185.3044328
418.5421388,185.3619272
419.332736,185.476916
420.5976915,185.8793768
421.8362937,186.3393319
422.6795973,186.5693095
423.6546672,187.0292646
424.5770305,187.5467142
426.1318716,188.4666245
427.1860012,189.0415684
428.2137775,189.559018
429.6104991,189.7315012
431.4288726,190.7089059
433.0891267,191.1113666
434.2750224,191.2263554
435.3027987,191.3988386
436.3042218,191.5713218
437.2002319,191.8012994
438.1753017,192.0887713
439.1240183,192.3187489
439.967322,192.4912321
441.0214515,192.7787041
441.8120487,192.8936929
442.3391135,192.7212097
442.7080588,192.8936929
443.0506509,193.066176
443.5513625,193.1811648
444.8953776,193.2386592
446.2393928,193.4686368
447.2144627,193.8136032
448.1631793,194.1585695
449.1646023,194.3885471
450.0606124,194.5610303
450.9566226,194.6760191
451.9316924,194.7335135
452.9594687,194.9634911
454.092658,195.1359742
455.7002056,195.3659518
457.2023402,195.538435
458.1510568,195.6534238
459.1261266,195.825907
460.3383756,196.2283677
461.2080325,196.6883229
462.5784009,196.9183005
463.7115902,197.6657276
464.6603068,198.010694
464.9501924,198.1256827
465.8725557,198.5281435
466.1887946,198.7006267
467.0848047,199.2180762
467.3746903,199.3905594
468.4024667,199.8505146
468.771412,200.0229978
469.7991883,200.3679641
470.1681337,200.4254585
470.8533179,200.8279193
471.8810942,201.2878744
473.0406367,201.6903352
473.8312339,201.9778072
474.5954778,202.2652791
475.5441944,202.7827287
475.8867865,202.8402231
476.492911,203.0127063
477.1517419,203.3001782
477.9159859,203.6451446
478.706583,203.8176278
479.9451853,203.702639
481.3155537,203.415167
482.2906235,203.5301558
483.3447531,204.0476054
485.1104201,204.9100213
486.1381964,205.4274708
486.9551468,205.7149428
487.7984504,205.887426
489.0370527,206.2898867
489.9067095,206.7498419
490.8290729,207.2672914
491.6987298,207.8997298
492.6210931,208.3021905
493.7542824,208.8196401
494.8874717,209.5095728
496.0470142,210.4869775
497.3383229,211.4643822
498.3133927,212.3842925
499.2884626,213.4191916
500.2108259,214.3391019
501.3703684,214.9140459
502.0291994,213.6491692
502.2136721,213.2467084
502.6353239,211.4643822
502.8197966,210.5444719
503.2941549,208.4171793
503.531334,207.6697522
503.7948664,206.8648307
504.0320455,206.1174036
505.2706478,205.4849652
505.6922996,205.5424596
506.0875982,205.599954
506.8518421,205.2549876
507.2734939,204.9100213
507.7478522,204.7375381
508.4330364,203.5876502
508.6175091,202.9552119
508.9601012,200.4829529
509.0391609,199.6780314
509.4081063,196.5733341
509.5662257,193.928592
509.7770516,191.5713218
509.935171,189.0990628
510.0932905,186.7992871
510.4622358,183.1771402
510.8838876,180.8198701
511.3055395,178.5775887
511.7271913,176.7377681
512.2015496,175.2429138
512.9394403,173.5755764
513.7827439,172.5406773
514.0989828,172.3106997
515.1004058,171.7357558
515.4957044,171.7357558
516.3653613,172.0232277
517.762083,172.4256885
518.7898593,173.0006324
519.7122226,173.518082
520.5818795,174.2080147
521.293417,174.7254643
522.2421336,175.5303858
522.5583724,175.9328465
523.1117904,176.5077905
523.7442682,177.02524
524.7720445,178.1176335
525.1409898,178.6350831
526.4059453,180.4174093
527.3283086,181.2223308
528.3297317,181.7397804
529.2257418,182.2572299
530.4116376,183.8095786
531.228588,184.7869833
532.335424,185.9368712
533.0206082,186.2818375
533.8375586,186.5118151
534.101091,186.5118151
534.6018026,186.5693095
535.0498076,186.5693095
535.9458177,186.4543207
536.2357034,186.3968263
536.9472408,186.2818375
537.7905445,186.3968263
538.7392611,186.8567815
539.6352712,187.2017478
540.7421072,187.8341862
541.7435303,188.3516357
542.4550677,188.8115909
543.4301376,189.2140516
543.7463764,189.3865348
544.6160333,189.9614788
544.9322722,190.2489507
545.9600485,190.1914563
546.5925262,191.8587938
547.5675961,192.8361985
547.9365414,192.8936929
548.885258,193.2386592
549.2278501,193.353648
549.9393876,193.9860864
550.650925,194.6760191
551.4151689,195.1934686
552.1530596,195.7684126
552.97001,196.7458173
554.0241396,197.6657276
555.0255626,198.5856379
556.0269857,199.5055482
557.054762,200.4254585
558.1615981,201.4028632
559.0049017,202.0353016
559.9799715,202.6102455
560.2962104,202.7252343
561.5348126,204.2200885
561.9564644,204.6225493
562.351763,205.0250101
563.1423602,205.6574484
563.9329574,206.5198643
564.881674,207.497269
565.1979128,207.784741
565.9094503,208.1872017
566.8054604,208.7621457
567.7805302,209.7395504
568.202182,210.0270224
569.1772519,210.5444719
570.2313814,211.4068878
571.3645707,212.5567757
572.3396405,213.5341804
573.2620039,214.4540907
574.0789543,215.0865291
574.8695515,215.2015179
575.6601486,215.4314954
576.582512,215.6039786
577.6629948,215.4889898
578.5062984,214.9140459
578.7698308,214.8565515
579.4813683,214.3391019
579.7185474,214.1666188
580.5354978,213.5341804
580.8517367,213.2467084
581.7741,212.3842925
582.0903389,212.154315
583.0654087,211.9818318
583.4080008,211.9818318
584.198598,212.0968206
585.1473146,212.0393262
586.2014442,212.2118093
587.1501608,212.5567757
588.0725241,212.8442477
589.1793601,214.05163
589.8908976,214.4540907
590.7605545,214.9140459
591.6829178,215.6039786
592.5262215,216.0639338
593.8965899,216.4663945
594.7135403,216.9263497
595.5568439,217.7312712
596.4001476,218.5936871
597.1907447,219.3411142
597.9286354,220.2610245
598.7719391,221.353418
599.536183,221.928362
600.3531334,222.5033059
601.0646708,222.7907779
601.7762083,222.9057667
602.5404522,223.4232162
603.2783429,224.113149
603.9635271,224.8605761
605.0440099,226.1254528
605.6764876,227.1603519
606.3089654,228.4252285
607.2840352,229.6901052
607.6266273,229.9775772
608.7071101,231.1274651
609.3922943,231.8748922
610.130185,232.3348474
610.8417224,232.9097913
611.6059664,233.4847352
612.7655089,234.174668
613.5033996,234.3471512
614.4784694,235.1520727
614.768355,235.4395446
615.2427133,236.0144886
615.8751911,236.7044213
616.3759026,236.9343989
616.8239077,237.2218709
617.6408581,237.969298
617.9834502,238.3142644
618.7213409,239.0041971
619.9862963,240.4990513
621.4093712,241.7064336
622.2526749,242.5688495
623.0959785,243.2012879
623.9129289,243.661243
625.0724714,244.8686253
625.8367153,245.7885356
626.8644916,247.1684011
627.6023823,247.9733226
628.3929795,248.7207497
629.5788752,249.5831656
629.9214673,249.8706376
630.2904127,250.215604
631.0546566,250.9055367
631.3445422,250.9630311
632.1878459,251.0780199
632.5040848,251.2505031
633.1102092,252.5728741
634.1379856,253.1478181
635.1394086,253.6652676
635.8245928,254.010234
636.4570706,255.2176163
637.1949613,255.620077
638.0646181,255.5050883
638.8288621,255.5050883
639.4613398,255.8500546
640.4627629,256.482493
641.4114795,257.4598977
641.7540716,257.5748864
642.8082011,258.2073248
643.1771465,258.4947968
643.9413904,259.0122463
645.0218732,259.8746622
645.9442365,260.9095613
646.8665999,261.7144828
647.8153165,262.2319324
648.7376799,262.8068763
649.6600432,263.3818203
651.0304116,264.5892026
651.8210088,265.4516185
652.611606,266.3715288
653.3494967,267.1764503
653.9292679,267.8088886
654.3245665,268.2113494
654.7725715,268.8437877
655.1942234,269.2462485
655.9848205,269.8786868
656.2747062,270.05117
657.355189,271.0860691
657.7768408,271.5460243
658.6464977,272.3509458
659.5425078,273.2133617
660.3858114,273.9607888
661.1237021,274.9381935
661.8352396,276.030587
662.5994835,276.318059
663.5482001,276.6630254
663.8117325,276.8355085
664.312444,277.3529581
665.0766879,278.2728684
665.8409319,278.9628011
666.1308175,279.1927787
666.8687082,279.6527339
667.7910715,280.2276778
668.5553154,280.9751049
669.3195594,281.6650377
670.0574501,282.297476
670.7689875,282.9874087
671.9021768,283.6198471
672.8508934,284.482263
673.6678438,285.1721957
674.4057345,285.5746565
675.3544511,286.4370724
675.6443367,286.7820388
676.3031677,287.5869603
676.9883519,287.989421
677.9107152,288.7368482
678.2533073,289.0243201
679.2283772,289.8292416
679.5709693,290.174208
680.5460391,291.2091071
680.862278,291.5540735
681.863701,292.4164894
682.2062932,292.646467
682.8387709,293.1639165
683.5503083,293.7963549
684.393612,294.6012764
685.3159753,295.3487035
686.3701049,296.0386362
687.371528,296.5560858
688.2938913,297.6484793
689.0581352,298.5683896
689.7169662,299.4882999
690.2703842,300.2932214
691.2454541,301.3856149
692.0360512,302.3055252
692.1678174,302.4780084
693.0111211,304.1453458
693.8280715,305.7551889
694.1443103,306.1576496
695.0930269,307.6525039
695.9099773,309.6073133
696.199863,310.2397516
697.1749328,311.8495947
697.8864702,313.0569769
698.6507142,314.2643592
699.5467243,315.4142471
700.4163812,316.6216294
701.2333316,317.9440005
702.3401676,319.4388547
703.1307648,320.933709
703.3679439,321.3936641
704.1848943,322.7735296
704.4484267,323.2909791
705.3444368,324.9008222
705.9769146,325.9357213
706.6357455,326.7981372
707.5054024,328.1205083
707.795288,328.5804634
708.6912982,329.5578681
709.4291888,330.1328121
710.1670795,330.7652504
710.8259105,331.8576439
711.4056818,332.7200598
712.1435724,333.5824757
712.7760502,334.7323636
712.9868761,335.1348244
713.6720603,336.5721842
713.9619459,337.0896338
714.6998366,338.6419824
715.3059611,339.7918703
715.9911453,340.8267694
716.6499763,341.8616685
717.3088073,342.8390732
717.941285,343.8739723
718.9427081,344.7363882
719.3380066,345.0238602
720.3921362,346.0587593
721.4462657,346.6911976
722.7639277,347.7260967
724.1870026,349.3359397
725.0566595,350.1408613
725.8736099,351.0607716
726.7432667,351.6932099
727.5338639,352.2106595
728.2981078,352.4981314
729.5630633,353.015581
729.9320086,353.2455586
730.300954,353.4180417
730.7753123,353.6480193
731.5922627,353.8779969
732.3828599,354.2229633
732.6463922,354.337952
733.4633426,354.6829184
733.7532283,354.7404128
734.7282981,355.3153568
735.1235967,355.3728511
735.9669003,355.9477951
736.7311443,356.6377278
737.8379803,357.2126718
738.5495177,357.8451101
739.3137617,358.5350428
740.1043588,358.994998
741.2902546,359.5124475
741.7382596,359.6274363
742.1599115,359.7424251
743.0295683,360.1448859
744.42629,360.6623354
745.6121857,361.0073018
746.5609023,361.4672569
747.404206,362.4446616
748.0893902,363.364572
748.7745744,364.1119991
749.6705845,364.5719542
749.9604701,364.7444374
750.8037738,365.4343701
751.1200126,365.6643477
751.9896695,366.2967861
752.2795552,366.3542805
753.0701523,366.6992468
753.913456,367.2741908
755.2047647,368.1366067
756.0480683,368.5965618
757.2076108,368.8265394
757.9718547,369.2864946
758.8151584,370.0914161
759.105044,370.3213937
759.9219944,370.6088656
760.2382333,370.66636
761.1342434,370.8963376
761.4504823,371.0113264
762.4255521,371.4712816
762.741791,371.5862703
763.7695673,372.0462255
764.1121594,372.1612143
765.0872292,372.6786638
766.0886523,373.0811246
767.6434934,374.1735181
768.6449165,374.5759788
769.5409266,374.748462
770.4105835,375.0934284
771.2275339,375.8983499
771.9917778,376.4157995
772.7296685,376.8182602
773.4675592,377.1632266
774.548042,377.6231817
775.5758183,377.7956649
775.9184104,377.8531593
776.7090075,378.3131145
777.4732515,378.6005864
778.5010278,378.830564
778.8436199,378.8880584
779.5551573,379.3480136
780.3457545,379.8079687
781.0572919,380.3254183
781.7424762,380.7853734
782.4276604,381.3603174
783.1919043,381.8202725
783.9034417,382.3952165
784.9048648,383.0276548
785.2474569,383.2576324
785.9062879,383.8900707
786.907711,384.5225091
787.6456016,385.097453
788.3571391,385.6723969
789.0686765,386.1898465
789.780214,386.5348129
790.5444579,386.994768
791.2296421,387.5122176
791.993886,387.9721727
792.7317767,388.2596447
793.7859063,388.5471167
794.1284984,388.7195998
795.0508618,389.8694877
796.1049913,391.07687
796.4475834,391.3068476
796.7901755,391.5368252
797.6598324,391.8817915
797.9760713,392.0542747
798.7139619,392.3992411
799.9789174,393.4341402
801.0066937,394.0090841
801.3229326,394.1240729
802.2980024,394.8140056
802.6405945,395.1014776
803.6683708,395.9063991
804.6961472,396.3088599
805.0650925,396.6538263
805.8556897,397.1137814
806.6726401,397.5162422
807.4632372,398.6086357
807.7267696,398.953602
808.1747747,399.7010291
808.5173668,400.9084114
809.1498445,403.035704
809.6242028,405.6804462
809.755969,406.5428621
810.4411532,409.2450986
810.8891583,411.1424136
811.3108101,413.2122118
811.8115216,415.3969988
812.3385864,417.6967746
812.8920044,419.9965503
813.4981289,422.2388317
813.9988405,424.2511355
814.5522585,425.8609786
815.1056765,427.3558328
815.6590945,428.7356983
816.4496917,430.5755189
816.7659305,431.2654516
817.6092342,433.0477778
817.925473,433.6802162
818.8214832,435.8075088
819.4803141,437.302363
820.2182048,438.5672397
820.9297423,439.774622
821.6412797,441.096993
822.3791704,442.1318921
823.1961208,442.7643305
824.0394244,443.1667912
824.9090813,443.569252
825.752385,443.856724
826.5166289,443.9142184
827.2808728,443.9717128
828.0451167,444.0867015
829.1519528,444.2591847
829.9425499,444.5466567
831.0230327,444.7766343
831.3919781,444.7766343
832.1825752,445.0066119
832.8941127,445.4090726
833.9745955,446.1564997
834.8969588,447.5938596
835.1868445,448.2837923
835.792969,449.7211522
835.9774416,450.0661186
836.346387,450.8135457
836.8470985,452.5383775
837.453223,454.2632093
837.6640489,454.8381533
837.9539345,457.0804347
838.006641,457.8853562
838.1384072,459.7251768
838.3228799,462.5424021
838.5337058,464.4972115
838.9290044,467.2569424
839.0871238,468.1193584
839.5878353,469.671707
840.3520793,471.6840108
840.6419649,472.2589548
841.5643283,474.041281
842.2758657,475.1336745
843.1982291,476.3410567
843.5144679,476.8010119
844.4631845,478.123383
845.1220155,479.1007877
846.0707321,480.4231587
846.4133242,480.8831139
847.0721552,482.0330018
848.047225,483.2403841
848.3634639,483.7578336
849.3121805,485.2526879
849.9710114,486.1725982
850.7352554,487.3224861
851.578559,488.5873627
852.5272756,489.794745
853.449639,491.1171161
854.2138829,492.6119703
854.9517736,493.9343414
855.6106045,495.1417237
856.1113161,496.7515667
856.7701471,498.4189042
857.0336794,498.7638705
857.6925104,499.9137584
857.9033363,500.2587248
858.9838191,501.9835566
859.3264112,502.5585005
859.6426501,503.0759501
860.6177199,504.6857931
861.3819638,506.0656586
862.1462078,506.9855689
862.9895114,507.9054792
863.7537553,509.0553671
864.491646,510.5502214
865.4403626,512.7925027
866.0201339,514.4598402
866.2309598,514.9772897
866.810731,516.6446271
867.0215569,517.1620767
867.6540347,518.7719197
867.8912138,519.2893693
868.8135772,521.4166619
869.5251146,522.7390329
870.0785327,525.3262807
870.7637169,526.7636405
871.6333737,527.4535733
872.2658515,528.5459668
872.8192695,529.9258322
873.5835134,532.0531248
873.8470458,532.7430576
874.6112897,534.6403726
874.9011754,535.3877997
875.9289517,538.205025
876.6404891,540.2748232
877.404733,542.287127
878.1426237,544.2994308
878.8278079,546.1967458
879.5393454,547.8065889
880.2508828,549.3589375
881.0941865,551.5437245
881.5421915,553.3260507
881.9638434,555.2233657
882.4118484,556.8907032
882.9652664,558.6730294
883.7822168,561.0302995
883.9930427,561.7777267
884.2302219,562.4676594
884.7309334,564.2499856
884.8890529,564.8249296
885.3897644,566.6647502
885.6005903,567.2971885
886.0749486,569.0220204
886.6020134,570.861841
887.445317,573.9090439
887.998735,576.0363365
888.4994466,578.1061347
889.0001581,580.0609441
889.5272229,581.7857759
890.2914668,584.7754844
890.6604122,586.7302938
891.082064,588.9725752
891.2401834,589.6050135
891.635482,591.3873397
891.7672482,591.9047893
892.2152533,594.1470707
892.3997259,594.8944978
892.8213777,596.8493072
893.3747958,598.7466222
893.9809203,600.5864428
894.5606915,602.1387915
895.061403,604.2085897
895.5094081,606.2208935
896.1945923,609.0956132
896.5898909,611.107917
896.8534233,613.2352096
897.1960154,615.1325246
897.6703737,617.0298396
898.3555579,619.6745817
898.803563,621.3419192
899.2252148,623.066751
899.8313393,625.4815156
900.0685184,626.2289427
900.5165235,628.0112689
900.9645285,629.7935951
901.6233595,632.7833036
901.8341854,633.8756971
902.0713646,635.025585
902.4666632,636.7504168
903.2045538,639.5676422
903.5207927,640.7750244
904.1269172,643.189789
904.3640963,643.8797217
904.8384546,646.3519807
904.9438676,647.7893405
905.1810468,650.1466107
905.4445791,652.1589145
905.5236389,652.9063416
905.9452907,654.861151
906.1034101,655.4935894
906.2088231,657.33341
906.4460022,659.8631633
906.867654,662.3929167
906.9994202,663.1978382
907.3947188,665.9000747
907.5528382,666.7049963
908.079903,670.4996263
908.4752016,673.1443684
908.8441469,675.4441442
909.4502714,678.7213247
909.7665103,681.0211004
910.2145154,684.8157305
910.5834607,687.4029782
910.8733463,689.9327316
911.1895852,692.2900017
911.5058241,694.4747887
911.9274759,697.579486
912.1119486,699.8792618
912.2437148,702.3515207
912.5336004,705.6287012
912.6917198,708.6184097
912.7444263,709.53832
912.9552522,712.0680734
913.1133716,714.4828379
913.1660781,715.0002875
913.2187846,716.092681
913.3241975,717.5300408
913.482317,718.8524119
913.7194961,721.1521877
913.9566753,723.5669522
914.2465609,726.1542
914.4837401,728.7414477
914.6418595,731.2137067
914.7999789,735.1233255
914.8263322,737.825562
914.9844516,740.5852929
915.1689243,743.1725407
915.3006905,745.6447996
915.4851631,747.887081
915.9331682,749.784396
916.3284668,751.7392054
916.8291783,754.9588915
917.013651,756.2812626
917.4089496,758.8685103
917.8042481,762.0881964
917.9887208,764.3304778
918.1731935,766.400276
918.3049597,768.5275686
918.4367259,770.7123555
918.6211985,773.8745472
918.8056712,776.0593342
919.0428504,778.0141436
919.3854425,780.7738745
919.5172087,781.6362905
919.9388605,784.6834934
920.1233332,785.94837
920.439572,788.5356178
920.544985,789.3405393
920.9402836,792.2727534
921.0720498,793.3076525
921.3619354,796.4123498
921.4673483,797.5622377
921.5991145,799.7470247
921.9153534,802.6792388
922.205239,804.8065314
922.4160649,806.933824
922.6268908,809.1761053
922.86407,811.1884091
923.2857218,814.0056345
923.6019607,816.0754326
923.9181995,818.0877364
924.3134981,820.4450066
924.4452643,821.1924337
924.8405629,823.9521647
924.9986823,824.872075
925.3676277,827.8617835
925.6838665,830.1040649
926.0001054,832.2313574
926.3426975,834.1861668
926.7379961,837.4058529
926.9751752,839.4181567
927.2650609,841.4304605
927.6340062,843.2702811
927.9238918,845.5125625
928.0029516,846.2599897
928.3455437,848.2147991
928.4773099,848.7322486
928.819902,850.8020468
928.9780214,851.5494739
929.6104991,854.9991376
929.821325,856.3215087
930.0585042,857.6438797
930.480156,859.9436555
930.9808675,862.645892
931.797818,866.5555108
932.351236,869.0277698
932.9837137,871.4425344
933.5898382,873.6848157
934.0641965,875.6396251
934.5912613,877.9968953
934.7757339,878.686828
935.3027987,880.9866038
935.4609181,881.7340309
935.9352764,884.2637843
936.1197491,885.0112114
936.7258736,887.3109872
936.989406,888.1159087
937.542824,889.8407405
938.4388341,892.8879434
938.9658989,894.727764
939.4666104,896.2801127
940.1254414,898.5223941
940.3362673,899.1548324
940.9160386,900.8221698
941.732989,903.17944
942.2337005,904.6742943
942.7871185,906.3416317
943.393243,908.5839131
944.0784272,910.8261944
944.7636114,912.8959926
945.4487957,914.850802
946.0022137,916.4031507
946.6610446,918.2429713
946.8455173,918.7604209
947.5043483,920.6002415
947.7415274,921.2901742
948.242239,922.9000172
948.7429505,924.2798827
949.6126074,926.2346921
950.3241448,927.8445352
951.114742,929.6843558
951.9316924,931.4091876
952.7486428,933.076525
953.9081853,935.836256
954.5670163,937.3886046
955.2258473,939.1134364
955.9900912,940.7807739
956.5698624,942.2756281
957.3868128,944.0579543
958.071997,945.610303
958.3355294,946.0702582
959.0997734,948.0250676
959.389659,948.6575059
959.9957835,950.0373714
960.9181468,952.2796527
961.6560375,953.7170126
962.367575,954.9818893
963.0527592,956.4192491
963.6588837,958.0290922
964.027829,958.7765193
965.0819586,961.0762951
965.8198493,962.6861381
966.0570284,963.2035876
966.6895061,964.4109699
966.9266853,964.7559363
967.6382227,965.8483298
967.8490486,966.1932962
968.9295314,967.6881504
969.2984768,968.1481056
969.6937754,968.6080607
970.537079,969.9304318
970.8269646,970.3903869
971.4330891,971.3677916
972.302746,972.5751739
973.1724029,973.7825562
974.0157065,974.9899385
974.8063037,976.3123095
975.5705476,977.5771862
976.4402045,978.3821077
977.2571549,979.1870293
978.1268118,980.164434
978.9701154,981.1418387
980.3141306,982.6366929
981.1574342,983.8440752
982.0270911,984.8214799
982.896748,985.7988846
983.6609919,986.3163342
984.8205344,986.6038061
985.5320719,986.3738286
986.2699626,986.7187949
986.9551468,987.4087276
987.640331,988.4436267
988.6681073,989.938481
989.3532915,990.8583913
990.3547146,992.1807624
990.7236599,992.6407175
991.4615506,993.6756166
992.1994413,994.6530213
993.2272176,996.1478756
993.9914616,996.8953027
994.808412,997.7577186
995.5199494,998.390157
996.2578401,998.9651009
996.468666,999.0800897
996.9166711,999.5400448
997.4964423,999.8275168
997.9180941,1000
998.3924524,999.8275168
998.8668107,999.3675617
998.9195172,998.6776289
999.0249302,998.0451906
998.9458704,997.527741
999.0249302,997.2402691
999.2094028,996.8378083
999.1566964,996.6078307
998.9985769,996.1478756
998.9458704,995.8029092
999.1039899,993.5606278
999.341169,993.5031334
999.5519949,993.9055942
999.7891741,994.308055
1000,994.7105157
999.9209403,994.7680101
999.7628209,994.9404933
999.6047014,995.0554821
998.8668107,995.630426
998.0235071,994.9979877
997.127497,994.9979877
996.2314868,994.0780774
995.5199494,993.5031334
994.7293522,992.9856839
993.7542824,992.5832231
993.4643968,992.4682343
992.9109788,992.2957512
992.0413219,991.7208072
991.3297844,991.3758409
990.6446002,990.5709193
989.9067095,989.7659978
988.9843462,988.8460875
988.6944605,988.5011211
988.0092763,988.041166
987.0605597,986.7762893
986.3753755,985.9138734
985.6901913,985.2239407
984.767828,984.0740528
983.9772308,983.1541425
983.1866336,982.2342322
982.3169768,981.3718162
981.4473199,980.6818835
980.9993148,980.2219284
980.6830759,979.8194676
979.4181205,978.267119
978.811996,977.5196918
977.8896326,976.4847927
977.2044484,975.4498936
976.2557318,974.4724889
975.5178411,973.5525786
974.4373584,972.4601851
973.7258209,971.425286
973.0933432,970.4478813
972.2236863,968.9530271
971.9601539,968.4930719
971.1432035,967.1132065
970.8796711,966.4807681
970.2471934,965.1009027
968.9822379,963.2035876
968.1389343,961.7662278
967.3483371,960.3288679
966.5577399,959.2364744
965.8462025,958.5465417
964.8184262,957.4541482
964.5021873,956.9941931
963.7906499,955.7868108
963.1318189,954.6369229
962.4466347,953.4295406
961.7878037,952.3371471
961.049913,951.0722705
960.3647288,950.0373714
959.4950719,948.3125395
959.2315396,947.6801012
958.5200021,946.0127638
958.3091762,945.5528086
957.8611711,944.6328983
957.4131661,943.712988
956.8861013,942.2181337
956.7279819,941.6431898
956.1218574,940.2058299
955.9373847,939.7458748
955.3312602,938.2510205
955.1204343,937.733571
954.7251357,936.1812223
953.987245,934.4563905
953.4074738,933.076525
952.7486428,931.6391652
952.1425183,930.3167941
951.4836873,929.0519174
950.6930902,927.38458
949.902493,925.487265
949.1646023,923.4174668
948.4267116,921.0601966
947.7415274,918.932904
947.0826965,916.8631058
946.4502187,914.9657908
945.7386813,913.1834646
944.9744374,911.5736216
944.3419596,910.1937561
943.7094819,908.6989019
942.839825,906.4566205
942.3391135,904.9617662
941.7593422,902.8344736
941.6012228,902.2595297
941.074158,900.5346979
940.8896853,899.9022595
940.3362673,897.8324613
940.1517947,897.1425286
939.4402572,894.0953257
939.2294313,893.3478986
939.0449586,892.5429771
938.5969536,890.4731789
938.4388341,889.7257517
938.0171823,887.8859311
937.4110578,885.5861553
936.6995204,882.76893
936.2251621,880.2391767
935.6453908,877.9394009
935.0129131,875.8696027
934.4067886,873.7423101
933.7743109,871.6150175
933.1418331,869.0852642
932.6674748,866.9004772
932.1667633,864.830679
931.692405,862.933364
931.0072208,860.0011499
930.6382754,858.0463405
930.1639171,855.8040591
930.0057977,855.1141264
929.7422653,853.7917553
929.37332,852.0094291
928.9516682,849.7671477
928.7935487,849.0197206
928.4773099,846.4899672
928.3718969,845.5700569
928.0029516,843.8452251
927.50224,841.4879549
927.1332947,839.6481343
926.7643493,837.8658081
926.4744637,836.0834819
925.9473989,832.6338182
925.4466874,830.0465705
924.9986823,827.6318059
924.524324,825.1020526
924.1026722,822.4573104
923.6546672,820.1575346
923.2330153,818.0302421
922.86407,815.6729719
922.5478311,813.4881849
922.2842987,811.4183867
922.0998261,809.2335997
921.8890002,806.4163744
921.5991145,803.7141379
921.1511095,800.9544069
921.0193433,800.091991
920.6767512,798.2521704
920.2287461,795.3774507
920.0706267,794.3425516
919.6489749,791.2378543
919.2800295,789.3405393
918.9637906,787.4432243
918.7002583,785.4309205
918.4630791,783.4186167
918.2259,781.5213017
917.8833079,778.5315932
917.6461287,775.5993791
917.6197755,774.5069856
917.567069,772.5521762
917.461656,769.2749957
917.3825963,767.2051975
917.3035366,765.1353993
917.2508301,762.9506123
917.2244769,760.8233197
917.1717704,757.8336112
917.1454172,756.7987121
917.0400042,753.8090036
916.8555315,751.7392054
916.7237654,749.6694072
916.5919992,747.3696315
916.4865862,745.2998333
916.4338797,743.1725407
916.3021135,740.5277985
916.2230538,739.2629219
916.1439941,737.9980452
916.0385811,736.7331685
915.8804617,735.640775
915.7750488,734.3758984
915.4851631,732.133617
915.1689243,729.8913356
915.0898645,729.0289197
914.694566,726.3266831
914.3256206,723.5669522
914.035735,720.8647157
913.7458494,718.2774679
913.2978443,714.3678491
913.0343119,711.7806014
912.6653666,709.3658368
912.4018342,707.1235555
912.2437148,704.9387685
911.8747694,701.661588
911.5058241,699.5342954
911.163232,697.6369804
910.7679334,695.682171
910.398988,693.8423504
910.1618089,692.0025298
910.0300427,689.8752372
909.950983,688.2653941
909.8719233,687.6904502
909.8192168,687.0580118
909.6347441,686.0806071
909.4239182,684.5282585
909.2394455,682.5159547
909.1603858,681.7685276
908.8968534,679.8137182
908.5806146,677.8589088
908.3170822,676.0765825
908.0535498,673.4893348
907.7373109,671.0170758
907.631898,670.0971655
907.2893059,667.394929
907.2102461,666.5325131
906.8940073,663.9452653
906.7622411,663.0828494
906.3932957,660.3231185
906.2878828,659.2882194
905.9716439,656.7009717
905.4709324,653.5962744
904.9175144,650.0316219
904.2323302,646.4094751
903.5734992,643.189789
903.0200812,640.2575749
902.334897,636.2329673
901.9395984,633.9331915
901.4915933,631.4609326
901.0699415,629.4486288
900.6219364,627.6088081
900.0421652,624.7915828
899.7522796,622.8942678
899.4360407,620.9969528
898.9353292,618.4097051
898.7508565,617.5472891
898.3555579,615.8224573
897.7494334,613.1202208
897.4068413,611.3378946
897.0115427,609.5555683
896.5635377,607.7732421
895.9047067,605.3009832
895.6938808,604.4385672
894.9559901,601.6788363
894.6661045,600.758926
894.3498656,599.7815213
893.5592684,597.4817455
893.2693828,596.5043408
892.6105518,594.4345426
892.3997259,593.6871155
891.9253676,592.2497556
891.4773626,590.5249238
891.0030043,588.9150808
890.3441733,586.5003162
890.1860539,585.5804059
889.975228,583.5106077
889.5008697,581.2683263
889.3427502,580.4059104
888.9210984,578.3936066
888.7366257,577.7036739
888.1305012,575.8063589
887.7088494,574.3115046
887.1554314,572.471684
886.4175407,569.8844363
886.1276551,568.7345484
885.3370579,565.4573679
884.8890529,563.6750417
884.1775154,561.3752659
883.913983,560.6853332
883.2815053,558.615535
883.1233859,557.8681079
882.7544405,556.430748
882.0692563,554.5909274
881.0678332,551.9461852
880.5934749,550.6238142
880.0664102,548.7839936
879.2494598,546.5417122
878.4588626,544.6443972
878.2216834,543.89697
877.4837928,541.7696775
877.2466136,541.0797447
876.7459021,539.8723624
876.1924841,538.7224746
875.4282401,536.5376876
874.9538818,535.1578221
874.0051652,532.6280688
873.319981,530.6732594
872.6611501,528.71845
871.9759658,526.9361237
871.2907816,525.3837751
870.7110104,523.773932
869.788647,521.6466395
869.0771096,520.3242684
868.8662837,519.8643132
868.5500448,519.0593917
868.1020397,517.6795262
867.4959152,516.2996608
867.2850893,515.8397056
866.5208454,514.4598402
866.257313,513.8848962
865.7566015,512.9074915
864.9396511,511.1826597
864.2808201,509.9752774
863.4111632,508.4804232
862.6205661,506.9855689
861.8299689,505.3182315
861.1447847,503.8808716
860.2224213,502.2135342
859.4581774,500.5461967
859.2209983,500.0287472
858.4831076,498.5338929
858.2722817,498.0164434
857.0600327,495.8891508
856.6120276,495.0267349
856.1903758,494.164319
855.4524851,492.6119703
854.6618879,490.8296441
853.7658778,489.3347899
852.9225742,488.184902
852.1056238,487.1500029
851.2886734,486.1151038
850.5771359,484.9652159
849.8392452,483.7578336
848.8905286,482.205485
847.941812,480.6531363
846.9930955,479.6182372
846.6768566,479.2732709
845.6754335,478.2958662
845.3328414,477.9508998
844.6740104,477.2609671
843.6725874,475.938596
842.9874032,475.1336745
842.3285722,474.1562698
841.6697412,473.0063819
840.4047857,471.1090669
839.772308,469.959179
839.113477,468.6943023
838.6918252,467.1419537
838.560059,465.7045938
838.5337058,464.4972115
838.5864123,463.1748405
838.5073526,461.3350198
838.3755864,460.0701432
838.0329943,457.7703674
837.8221683,456.8504571
837.3741633,455.3556028
836.8734517,452.4808831
836.0565013,450.9860289
835.7666157,450.5835681
834.8969588,449.3761858
833.8955358,448.6862531
833.5792969,448.5137699
832.6042271,447.8813316
832.2879882,447.651354
831.1547989,446.7889381
830.3642018,446.0990053
829.4418384,445.2940838
828.4667686,444.4891623
827.518052,443.569252
826.5693354,442.5918473
825.6733253,441.7294314
824.9617878,440.8670155
824.1711906,439.9471052
823.0380014,438.6247341
822.3528172,437.9348014
821.5358668,437.1873742
820.5607969,436.4974415
820.2709113,436.2674639
819.3485479,435.5200368
818.5052443,434.0826769
818.2417119,433.507733
817.6619407,432.3003507
816.7395773,430.2880469
816.159806,428.8506871
815.2110894,427.240844
814.604965,425.9759673
813.8934275,423.6761916
813.5244822,421.836371
812.8920044,419.5940896
812.628472,418.9041568
812.075054,417.6967746
811.6006957,416.6043811
811.0736309,414.3620997
810.7837453,412.2923015
810.5202129,410.1650089
810.3357403,407.8652331
810.0458546,405.220491
809.9667949,404.3005807
809.8350287,402.1732881
809.8086755,401.4833554
809.7032625,400.2184787
809.4660834,399.2985684
809.097138,398.6086357
808.7545459,397.8037141
808.4119538,396.8263094
807.990302,396.5388375
807.1206451,396.0788823
806.8571127,395.8489047
805.8820429,395.7339159
805.565804,395.6764215
804.5907342,395.2164664
803.7210773,394.4115449
803.4311917,394.1815673
802.5351816,393.549129
802.2452959,393.3766458
801.2175196,393.4341402
800.2951563,392.8017018
799.9525642,392.5142299
799.26738,391.8242971
798.4767828,391.1918588
796.8165288,389.7544989
795.7096927,388.7770942
794.4974437,388.0871615
793.6541401,387.9721727
792.9426026,387.3397344
792.099299,386.994768
791.8357666,386.8797792
790.7552838,386.3623297
790.3072788,386.1323521
789.121383,385.4999138
788.6997312,385.097453
788.2517261,384.6374978
787.2766563,383.8900707
786.9604174,383.6025987
786.2752332,383.1426436
785.5636958,382.4527109
784.8258051,382.0502501
784.0615612,381.7627781
782.717546,381.015351
781.6634164,380.4404071
780.5038739,379.9229575
779.4233911,379.5779911
778.3429083,379.0605416
776.8407737,378.2556201
775.9711169,377.7381705
775.1805197,377.3357098
774.3635693,377.2782154
773.6520318,377.508193
772.9141411,376.933249
772.0971907,375.3809004
771.8863648,374.9209452
771.1748274,374.1735181
770.9640015,374.0010349
770.1470511,373.5985741
769.8835187,373.3111022
769.0929215,372.4486863
768.8293891,372.2762031
767.8806725,371.8737423
767.5644337,371.7012591
766.7474833,370.953832
765.7724134,370.0339217
764.7973436,369.2864946
763.7959205,368.8840338
762.8472039,368.8840338
762.0302535,369.4589777
761.0551837,369.6314609
760.21188,369.6889553
759.3422232,369.5164721
758.446213,369.7464497
757.5238497,369.2864946
756.3116007,368.2515955
755.4946503,367.6191571
754.7567596,366.9292244
754.0188689,366.0668085
753.3600379,365.0319094
752.3322616,363.7670327
751.5943709,363.1345944
750.8828335,362.3871673
750.1449428,361.6972345
749.4070521,361.2372794
748.6955147,360.8348186
747.6677384,359.9724027
746.9034944,359.5124475
746.1656038,359.2249756
745.5067728,358.8225148
744.3735835,358.3050653
743.6356928,357.9026045
742.9241554,357.7301213
742.1599115,357.7301213
741.3956675,357.7301213
740.7104833,357.2126718
740.1307121,356.3502558
739.4718811,355.3728511
738.6812839,355.1428736
738.4177515,355.0278848
737.6271544,354.5104352
737.3109155,354.2804577
736.5730248,353.8205025
735.8351341,353.303053
734.6228852,352.3831426
733.7795815,351.3482435
732.9099246,350.4283332
732.0139145,349.6809061
731.0651979,348.933479
730.2218943,348.358535
729.4049439,348.0710631
728.4825805,347.7260967
727.5338639,347.4961191
726.7432667,347.2086472
725.9263163,346.8636808
725.0830127,346.6911976
724.2660623,346.4037256
723.4754651,346.0587593
722.7112212,345.7137929
721.9469773,345.4838153
720.7610815,344.9088714
719.7860117,344.5064106
718.9690613,343.9889611
718.2311706,343.1840396
717.5986929,341.6316909
716.7817425,340.8267694
716.5182101,340.7117806
715.7276129,340.0218479
715.068782,339.2744207
714.2781848,338.297016
713.9355927,338.0095441
713.5666473,337.7795665
713.3294682,337.6070833
712.8287567,337.5495889
711.8273336,337.8945553
711.0367364,338.584488
710.773204,338.8144656
710.2988457,339.5618927
709.4818953,340.6542862
709.2183629,340.9992526
708.0324672,342.66659
707.0573974,344.0464555
706.3985664,345.2538378
706.1877405,345.7712873
705.4498498,347.9560743
705.1336109,348.9909734
704.8964318,349.9683781
704.47478,352.3256482
704.2376008,353.303053
704.0267749,354.2804577
703.7368893,356.0627839
703.4733569,357.7876157
703.3679439,358.5925372
703.2361777,359.3974587
702.9989986,361.0073018
702.7881727,362.789628
702.6827597,363.7670327
702.5509935,364.8019318
702.2084014,367.0442132
701.944869,369.4589777
701.8394561,370.4363825
701.5495704,372.3911919
701.4705107,373.2536078
701.4441575,374.1735181
701.391451,376.0133387
701.1806251,377.3932042
700.9170927,377.508193
700.3900279,378.0256425
700.179202,378.6005864
699.9947294,379.3480136
700.2055553,380.6128902
700.7853265,381.4753062
701.2069783,382.3377221
701.2069783,383.7175875
700.9170927,385.3274306
700.6799136,386.1323521
700.1264955,386.2473409
699.8629632,386.1323521
699.4676646,386.1898465
699.2041322,386.8222848
698.9142466,387.7421951
698.7034207,388.9495774
698.518948,390.0419709
697.9391767,391.9392859
697.3594055,393.6066234
696.8323407,395.2739608
696.3579824,397.056287
696.0153903,398.8961076
695.5937385,401.5408498
695.4883255,402.3457713
695.3829126,403.2656816
695.0139672,405.7379406
694.5396089,408.3826827
694.3024298,409.1876042
693.7490118,410.912436
693.221947,412.4647847
692.668529,414.0746277
692.0360512,415.2245156
691.0609814,415.9144483
690.7447425,416.0869315
690.0859116,416.3744035
689.3743741,416.0294371
688.6364834,415.569482
687.8985927,415.3395044
687.1343488,414.8795492
686.3701049,414.1896165
685.395035,413.2122118
685.1051494,412.9247398
684.1037263,411.8323463
683.8138407,411.4298856
683.1023033,411.0274248
682.4434723,410.1650089
681.6528751,409.9925257
680.6514521,409.5325706
679.650029,408.5551659
679.3337901,408.0377163
678.7013124,406.8878284
677.7525958,405.507963
677.4363569,405.1629966
676.672113,404.5305583
675.8288094,403.8406255
674.8537395,402.5182545
673.8786697,401.425861
673.0880725,400.3334675
671.8231171,399.6435348
670.9271069,399.241074
669.5830918,398.6661301
668.7924946,398.4936469
668.1336636,398.8386132
667.0268276,399.0110964
666.2889369,398.1486805
665.3665736,397.2862646
665.0766879,397.056287
664.1543246,396.2513655
663.3900806,395.2739608
663.1529015,394.9289944
662.2832446,394.0090841
662.0197122,393.7216121
661.2818215,392.9166906
660.4385179,392.1692635
659.1735624,390.8468924
658.2511991,389.8119933
657.355189,389.0070718
656.5382385,388.3171391
655.8003479,387.7996895
655.2205766,387.3397344
654.6935118,386.5348129
653.9029147,385.6723969
653.6393823,385.384925
652.6379592,384.2350371
652.2953671,383.8900707
651.4784167,383.2576324
650.5560533,383.0276548
649.6600432,382.4527109
648.8430928,381.9352613
647.4727244,380.9578566
646.655774,380.3829127
645.5752912,379.2330248
644.784694,378.7155752
643.9940969,378.2556201
643.2825594,377.8531593
642.3074896,377.3932042
642.017604,377.1057322
641.1215938,376.3583051
640.8317082,376.1283275
640.0674643,375.3809004
639.8829916,375.2084172
639.4349866,374.8059564
639.0133347,374.2885069
638.2227376,373.3685966
638.0382649,372.9661358
637.0895483,371.9312367
636.720603,371.5862703
635.9300058,370.8388432
635.0603489,370.0339217
633.6899805,368.769045
632.7149107,368.0216179
631.7661941,367.3891796
630.8965372,366.4692692
630.0795868,365.7218421
629.2362831,365.1468982
628.3929795,364.8594262
627.4969694,364.3994711
626.7327255,363.8245271
625.9421283,363.4795607
625.2305908,363.1920888
624.4927002,362.9621112
623.7284562,362.502156
623.043272,361.9847065
622.3317346,361.4672569
621.3303115,360.5473466
620.2498287,359.1099868
619.8018236,358.5350428
618.7476941,357.8451101
618.0625099,357.2126718
617.2192062,356.2927615
616.9556739,356.0052895
616.2441364,355.3728511
616.0333105,355.1428736
615.4008328,354.2804577
615.1373004,353.9354913
614.1885838,353.015581
613.8196384,352.728109
612.9499816,351.9806819
612.1330311,351.2907492
611.2897275,350.6008164
610.3673641,349.6809061
609.4977073,349.0484678
608.2063986,348.2435463
607.3630949,347.7260967
606.5461445,346.9211752
605.7555474,346.0012649
604.938597,345.0813546
604.174353,344.1039499
603.0938702,343.0690508
602.3296263,342.6090956
601.5653824,342.1491405
600.6957255,341.8041741
599.9841881,341.5167021
599.2726506,341.056747
598.5611132,340.5392974
597.5860433,339.3319151
596.9008591,338.297016
596.7163864,338.0670385
596.3210879,337.7220721
595.7413166,337.3196113
595.0034259,336.5721842
594.7662468,336.2847122
594.2128288,335.7097683
593.0532862,334.4448916
592.2099826,333.5249813
591.366679,332.4900822
590.5233753,331.6851607
589.7591314,330.995228
588.7577083,330.0753177
588.4414695,329.7878457
587.3346334,329.5578681
586.2805039,329.5578681
585.964265,329.6153625
585.0946081,329.3853849
584.7783693,329.1554073
583.8296527,327.8905307
583.1708217,326.913126
582.5119907,325.7057437
581.5105676,323.9234175
580.7199705,322.6585408
579.9030201,321.5661473
579.1387762,320.5887426
578.2954725,319.7838211
577.5839351,319.1513827
576.9251041,318.0589892
576.2135666,317.0815845
575.475676,316.1616742
574.4215464,315.2992583
573.3674169,313.9768873
572.4450535,312.5970218
572.1288146,312.1370666
571.285511,310.7572012
570.7847995,309.9522797
569.9942023,309.5498189
569.3090181,309.0898637
569.1245454,309.1473581
568.861013,309.3198413
568.307595,308.5724142
568.0704159,308.3424366
567.7278237,307.9974702
567.1744057,307.8824815
566.7000474,307.9974702
566.2520424,308.112459
565.435092,308.2274478
565.1452063,308.112459
564.4073157,307.9974702
563.2214199,307.7674927
562.457176,307.2500431
561.4293997,306.790088
561.139514,306.6176048
560.1644442,306.1576496
559.8482053,305.9276721
559.2157276,305.3527281
558.1352448,304.4328178
557.1338217,303.6853907
556.1060454,302.8804692
554.9728562,302.0755476
553.9187266,301.3281205
552.9963633,300.5806934
551.9422337,299.4308055
551.0462236,298.6833784
550.1765667,298.1084344
549.3596163,297.6484793
548.5690191,297.3035129
547.8047752,296.7860634
547.0668845,296.3836026
546.3553471,295.866153
545.353924,295.1762203
545.0113319,294.831254
543.9572023,293.4513885
543.2983714,292.5314782
542.376008,291.2666015
542.1124756,290.8641407
541.6644706,290.3466912
541.2955252,290.0017248
540.9002266,289.5992641
540.3995151,289.4842753
539.8460971,288.6218594
538.950087,288.0469154
538.0804301,287.7019491
537.7641912,287.4719715
536.8154746,286.3220836
536.525589,285.8621284
535.7876983,284.5972518
534.4436831,282.4124648
533.5740262,281.0900937
532.6780161,279.9402058
531.6238866,278.502846
530.7278765,277.0654861
529.9372793,275.8581038
528.7513835,274.133272
527.9607864,273.1558673
527.0911295,271.948485
526.2741791,270.7985971
525.5099352,269.7062036
524.7720445,268.6138102
524.0341538,267.4639223
522.8219048,265.7965848
522.0840141,264.7041913
521.3724767,263.7267866
520.7399989,262.5768988
519.7122226,260.6795837
518.8425658,259.2997183
518.1310283,258.2648192
517.3931376,257.1724257
516.6816002,256.195021
516.0491224,255.2751107
515.4166447,254.3552004
514.7314605,253.3777957
513.9672166,251.7679526
513.7827439,251.1930087
513.4401518,250.7905479
513.1239129,250.2730984
512.7813208,249.6981544
512.465082,249.2381993
512.0434301,248.8357385
511.1210668,247.6283562
510.1987034,246.5359627
509.4081063,245.2135917
508.6438623,243.7187374
507.4843198,241.3039729
506.7200759,239.8091186
505.955832,238.4867475
505.2179413,237.2218709
504.5327571,235.7270166
503.7948664,234.4621399
502.8197966,232.7373081
502.4508512,232.1048698
501.3440152,230.7250043
500.6851842,229.9200828
500,229.2301501
499.3148158,228.5402173
498.6559848,227.7927902
497.680915,226.4704191
496.9693775,225.43552
495.9679545,224.4581153
495.5990091,224.1706434
494.8611184,223.6531938
493.8860486,222.6182947
493.5698097,222.0433508
492.7001528,220.5484965
492.4366205,220.0885414
491.8568492,218.9961479
491.2243715,218.0187432
490.3810678,216.5238889
490.0911822,216.0064394
489.2215253,214.6840683
488.6154008,213.9366412
487.9302166,212.8442477
487.1923259,211.6943598
486.4807885,210.7169551
485.5847784,209.4520784
485.2948927,208.9921233
484.3461761,207.6122578
484.0562905,207.209797
483.2129869,206.2898867
482.9494545,206.0599092
482.4750962,205.7149428
481.9480314,205.1974932
481.1047278,204.4500661
480.8411954,204.2775829
479.9451853,203.9326166
479.6289464,203.702639
478.6275233,203.2426838
478.2849312,203.0702007
477.3362146,202.4952567
477.0199758,202.3802679
475.7813735,202.2077847
475.4387814,202.0353016
475.0698361,201.9203128
474.2001792,201.7478296
473.9102936,201.6903352
473.1987561,201.7478296
472.4345122,201.7478296
471.2222632,201.6903352
470.3789596,201.805324
469.5356559,201.9778072
468.6923523,202.0353016
467.8226954,202.3802679
467.005745,202.8977175
466.1887946,201.805324
465.2664312,199.908009
464.3704211,199.2180762
463.5534707,198.8731099
462.81558,198.4706491
461.8405102,198.010694
461.5769778,197.8382108
460.6546145,197.3207612
460.3647288,197.148278
459.5214252,196.9183005
459.2578928,196.7458173
458.0456438,196.1708733
457.6766985,196.1133789
457.3077531,196.1133789
456.5962157,195.825907
455.7002056,195.538435
454.8041954,195.1359742
453.8027724,194.8485023
452.9067622,194.6760191
451.7472197,194.3885471
451.3255679,194.2735583
450.9302693,194.2160639
450.1660254,193.8710976
449.9288463,193.6986144
449.1382491,193.6986144
448.8483635,193.64112
448.0577663,193.2961536
447.1354029,192.8936929
445.8704475,192.8936929
444.9217309,192.3762433
444.605492,192.2037601
443.6040689,192.031277
443.2614768,191.9162882
442.2600538,191.743805
441.9438149,191.6863106
441.2322774,191.6288162
440.4680335,191.5138274
439.5193169,191.2838498
438.5706003,191.0538722
437.5955305,191.168861
436.6731671,190.9963779
435.6980973,190.7664003
434.8284404,190.6514115
433.8797238,190.4214339
433.0627734,189.84649
432.2721763,189.0990628
431.586992,188.7540965
430.8227481,188.2366469
429.8740315,187.8916806
429.0834344,187.4317254
428.7935487,187.3167366
428.2137775,187.1442534
427.6603595,186.9717703
426.7907026,186.6842983
426.5271702,186.5693095
425.6311601,186.3393319
425.3149212,186.2818375
424.4452643,185.9368712
423.6019607,185.5344104
422.6268908,185.189444
421.5991145,185.0169608
420.6503979,184.9594665
419.6489749,184.8444777
418.673905,184.4995113
417.8042481,184.0395561
416.9872977,183.6945898
416.1967006,183.4071178
415.1952775,183.1196458
414.9053919,183.0621514
414.1411479,182.7171851
413.9039688,182.6021963
413.1660781,182.4297131
412.9552522,182.3147243
412.4545407,182.0847467
411.5848838,181.9122636
410.5834607,181.7972748
410.2672218,181.7397804
409.4766247,181.7972748
408.5806146,181.8547692
407.6055447,181.9122636
405.9189374,181.6247916
404.9175144,181.5672972
404.0215042,181.6247916
402.9410215,181.5672972
402.1767775,181.5672972
401.3598271,180.7623757
400.5955832,180.1299373
399.6995731,179.784971
399.4360407,179.6699822
398.9089759,179.3250158
398.2764982,178.2326223
397.5386075,177.2552176
397.2487219,176.8527569
396.4844779,176.0478353
395.4567016,175.0704306
395.1141095,174.7254643
394.0863332,173.6330708
393.401149,172.8281493
392.4260792,171.7932502
392.0834871,171.3907894
391.4246561,170.5283735
390.2651136,169.148508
389.5799294,168.2285977
388.762979,166.963721
388.4994466,166.4462715
387.7352027,165.2388892
387.4980235,164.7789341
386.7074263,163.3990686
385.9958889,161.6167424
385.3107047,160.2368769
384.7572867,159.1444834
384.019396,157.3621572
383.5450377,156.3847525
382.8335002,154.4874375
381.700311,152.5326281
381.146893,151.6702122
379.9873504,149.5429196
379.1704,147.8180877
378.4852158,146.3232335
377.1939071,143.2185362
376.5614294,141.8386707
375.3491804,140.861266
374.53223,140.2288277
373.5308069,139.538895
373.2409213,139.3089174
372.7402098,139.0789398
372.107732,138.9064566
371.3171349,138.5614903
371.0272492,138.4465015
370.2102988,137.6990743
369.9204132,137.4690968
369.2879355,137.066636
368.3128657,136.0892313
367.2323829,135.0543322
366.8370843,134.7093658
365.9147209,134.1344219
364.9396511,133.6744667
363.6219891,132.8120508
362.7523323,132.0071293
361.8826754,130.9722302
361.1184315,129.6498591
360.5650134,127.8100385
360.0115954,126.0852067
358.8784062,125.5677571
357.982396,125.7402403
357.7188636,125.7977347
356.9282665,125.7402403
356.7174406,125.6252515
356.2430823,125.4527684
355.7950772,125.1652964
355.0308333,124.6478468
354.2402361,124.3028805
353.0543404,123.9579141
352.1056238,123.9004197
351.1832604,123.9579141
350.2081906,123.9004197
349.3648869,123.4404646
348.600643,122.4630599
347.7309861,121.6581383
347.4411005,121.4281608
346.7295631,120.738228
346.4923839,120.4507561
345.3591946,119.128385
344.9111896,118.7834186
344.4895378,118.3809579
343.6198809,117.6910251
342.7765772,117.0010924
342.1177463,116.4836428
341.08997,115.8512045
340.3520793,115.4487437
339.3506562,114.758811
338.9817109,114.5288334
338.2174669,114.1263727
337.558636,113.7814063
336.3200337,113.2639568
335.3976704,112.7465072
334.5016603,112.1140689
333.4738839,111.6541137
332.5251673,111.4816305
331.602804,110.964181
330.390555,110.3317427
329.6526643,109.5268211
328.8884204,108.8943828
328.1241765,108.491922
326.9909872,107.5720117
326.20039,107.169551
325.4361461,106.9395734
324.6191957,106.8245846
323.4860064,106.7670902
322.669056,106.594607
321.7730459,106.4221238
321.0351552,105.9621687
320.3236178,105.5022135
319.6384336,104.697292
318.6633637,103.7773817
318.0045328,103.2599322
316.8449902,102.5699994
316.1070996,102.0525499
315.4219154,101.5925947
314.7103779,101.3051227
314.0251937,101.1326396
312.9710641,100.7301788
311.9432878,99.98275168
311.6006957,99.7527741
310.5465662,99.35031334
309.8086755,99.00534698
309.0180783,98.66038061
308.2274812,98.43040304
307.331471,98.25791985
306.5672271,98.14293106
305.6975702,98.08543667
304.7488536,98.20042546
304.2481421,98.08543667
303.800137,97.97044788
303.4311917,97.7404703
303.0358931,97.56798712
302.5878881,97.62548152
302.0871765,97.68297591
301.1384599,97.39550394
300.7431613,97.28051515
299.8735045,97.16552636
298.9511411,96.93554878
298.0024245,96.82055999
297.0800611,96.70557121
296.1576978,96.47559363
295.2616877,96.30311045
294.2866178,96.01563847
293.3906077,95.7856609
292.2310652,95.09572817
291.8884731,94.86575059
291.5722342,94.57827862
291.0715227,94.17581786
290.2018658,94.00333467
289.2531492,93.65836831
288.9369103,93.48588513
287.9618405,93.19841315
287.6192484,93.08342437
286.4069994,92.85344679
285.3792231,92.85344679
284.2987403,92.33599724
283.1919043,92.16351406
281.4525905,91.81854769
280.3721077,91.53107572
279.3443314,90.95613178
278.3692616,90.38118783
277.4996047,90.15121026
276.6826543,90.09371586
275.8129974,90.32369344
274.9696938,89.92123268
274.2845096,89.23129995
273.6520318,88.82883919
273.0459073,88.19640085
272.123544,87.85143449
271.8073051,87.6789513
270.8849418,87.16150175
270.5687029,87.04651296
269.6726928,86.75904099
269.3828071,86.64405221
268.3023244,86.47156902
267.9070258,86.47156902
266.9846624,86.12660266
265.4298213,85.78163629
264.402045,85.6666475
263.3479155,85.60915311
262.3728456,85.32168114
261.5031887,85.09170356
260.6862383,85.09170356
259.8429347,85.09170356
258.6043325,84.91922038
257.8400885,84.74673719
257.0494914,84.22928764
256.2852475,83.82682688
255.4946503,83.48186052
254.3878143,83.07939976
253.4654509,83.19438855
253.1755653,83.36687173
252.042376,84.57425401
251.7261371,85.09170356
251.4362515,85.55165871
251.1990724,85.55165871
250.9091867,85.49416432
250.5138882,85.49416432
250.1712961,85.37917553
249.7496442,85.49416432
249.3016392,85.43666992
248.5373952,85.43666992
247.7467981,85.60915311
246.8244347,85.78163629
245.8757181,85.95411947
244.9270015,85.95411947
244.0046382,85.89662508
243.1349813,85.7241419
242.2916776,85.55165871
241.0003689,85.32168114
239.9462394,85.32168114
239.2083487,86.75904099
239.1556422,87.6789513
239.2083487,88.77134479
239.6300005,90.15121026
240.236125,92.27850285
240.4996574,93.08342437
241.2111949,94.34830104
242.001792,95.55568332
242.3443841,95.95814408
242.7923892,96.36060484
243.6620461,97.7979647
244.2945238,99.06284137
245.0587677,100.6726844
245.9284246,102.2825275
246.6663153,103.3174265
246.9034944,103.5474041
247.6940916,104.3523256
248.1420967,104.8122808
248.6955147,105.6746967
249.0117535,105.9046743
249.2752859,106.1346519
249.6705845,106.882079
249.9604701,107.2270454
250.1712961,107.6295061
250.4348284,108.1469557
250.5929479,110.7916978
250.7510673,111.7116081
250.93554,112.4590352
251.3571918,113.5514287
251.8579033,114.2988559
252.1214357,114.7013166
252.8329732,115.4487437
253.3073315,115.8512045
253.7553365,116.1961709
254.2033416,116.5986316
254.6776999,117.0010924
255.1257049,117.4035532
255.6000632,117.7485195
256.0480683,118.1509803
256.4960734,118.3809579
257.2603173,118.4384523
257.6029094,118.4384523
258.3144468,118.4384523
259.0523375,118.553441
259.3949296,118.6109354
260.1591736,118.840913
260.5281189,119.128385
261.0024772,119.7608233
261.2133031,119.9908009
261.5558952,120.5657448
